,bizesId,bizesNm,brchNm,indsLclsCd,indsLclsNm,indsMclsCd,indsMclsNm,indsSclsCd,indsSclsNm,ksicCd,ksicNm,ctprvnCd,ctprvnNm,signguCd,signguNm,adongCd,adongNm,ldongCd,ldongNm,lnoCd,plotSctCd,plotSctNm,lnoMnno,lnoSlno,lnoAdr,rdnmCd,rdnm,bldMnno,bldSlno,bldMngNo,bldNm,rdnmAdr,oldZipcd,newZipcd,dongNo,flrNo,hoNo,lon,lat
0,11761985,파씨공구일사,,Q,음식,Q06,양식,Q06A01,정통양식/경양식,I56114,서양식 음식점업,11,서울특별시,11680,강남구,1168054500,압구정동,1168010700,신사동,1168010700106310035,1,대지,631,35,서울특별시 강남구 신사동 631-35,116804166277,서울특별시 강남구 도산대로45길,15,,1168010700106310035010663,,서울특별시 강남구 도산대로45길 15,135895,06021,,1,,127.035113977249,37.5232230587822
1,11773842,옳음,,Q,음식,Q01,한식,Q01A01,한식/백반/한정식,I56111,한식 음식점업,11,서울특별시,11680,강남구,1168054500,압구정동,1168010700,신사동,1168010700106470003,1,대지,647,3,서울특별시 강남구 신사동 647-3,116804166524,서울특별시 강남구 압구정로46길,51,,1168010700106470003026734,,서울특별시 강남구 압구정로46길 51,135896,06020,,2,,127.036015469448,37.5252577870282
2,11774123,쥬씨압구정2호점,압구정2호점,Q,음식,Q12,커피점/카페,Q12A01,커피전문점/카페/다방,I56220,비알콜 음료점업,11,서울특별시,11680,강남구,1168054500,압구정동,1168010700,신사동,1168010700106140007,1,대지,614,7,서울특별시 강남구 신사동 614-7,116803122007,서울특별시 강남구 압구정로,212,,1168010700106140007009736,방우빌딩,서울특별시 강남구 압구정로 212,135894,06022,,1,,127.030438561909,37.5278341935221
3,11776165,AHC플레이존신사점카페테리아,,Q,음식,Q12,커피점/카페,Q12A01,커피전문점/카페/다방,I56220,비알콜 음료점업,11,서울특별시,11680,강남구,1168054500,압구정동,1168010700,신사동,1168010700106290026,1,대지,629,26,서울특별시 강남구 신사동 629-26,116802122001,서울특별시 강남구 도산대로,237,,1168010700106290026000001,현대벨로스오피스텔,서울특별시 강남구 도산대로 237,135895,06026,,1,,127.033006528423,37.5217190868602
4,11778562,요요프레쉬티바,,Q,음식,Q12,커피점/카페,Q12A01,커피전문점/카페/다방,I56220,비알콜 음료점업,11,서울특별시,11680,강남구,1168054500,압구정동,1168010700,신사동,1168010700106290015,1,대지,629,15,서울특별시 강남구 신사동 629-15,116802122001,서울특별시 강남구 도산대로,235,,1168010700106290015000001,(주)평화자동차강남사옥,서울특별시 강남구 도산대로 235,135895,06026,,1,,127.032623793134,37.521571784255
5,11792420,삼곱식당신사점,신사점,Q,음식,Q01,한식,Q01A03,곱창/양구이전문,I56111,한식 음식점업,11,서울특별시,11680,강남구,1168054500,압구정동,1168010700,신사동,1168010700106280044,1,대지,628,44,서울특별시 강남구 신사동 628-44,116804166275,서울특별시 강남구 도산대로37길,18,,1168010700106280044011033,,서울특별시 강남구 도산대로37길 18,135895,06026,,1,,127.031496720549,37.5221211994483
6,11793443,스시킨,,Q,음식,Q03,일식/수산물,Q03A03,음식점-초밥전문,I56113,일식 음식점업,11,서울특별시,11680,강남구,1168054500,압구정동,1168010700,신사동,1168010700106640003,1,대지,664,3,서울특별시 강남구 신사동 664-3,116804166477,서울특별시 강남구 선릉로161길,6,,1168010700106640003009840,,서울특별시 강남구 선릉로161길 6,135897,06018,,1,,127.039860344328,37.5271542848546
7,11793826,칼삼겹살,,Q,음식,Q01,한식,Q01A02,갈비/삼겹살,I56111,한식 음식점업,11,서울특별시,11680,강남구,1168054500,압구정동,1168010700,신사동,1168010700106570021,1,대지,657,21,서울특별시 강남구 신사동 657-21,116804166282,서울특별시 강남구 도산대로51길,41,,1168010700106570021010076,,서울특별시 강남구 도산대로51길 41,135897,06018,,1,,127.038088471423,37.5259324571746
8,11797742,던킨도너츠압구정역점,압구정역점,Q,음식,Q07,패스트푸드,Q07A06,도너츠전문,I56191,제과점업,11,서울특별시,11680,강남구,1168054500,압구정동,1168010700,신사동,1168010700106140000,1,대지,614,,서울특별시 강남구 신사동 614,116803122007,서울특별시 강남구 압구정로,204,,1168010700106140000009800,대언빌딩,서울특별시 강남구 압구정로 204,135894,06022,,1,,127.029381016911,37.5273749811517
9,11801154,우가,,Q,음식,Q01,한식,Q01A02,갈비/삼겹살,I56111,한식 음식점업,11,서울특별시,11680,강남구,1168054500,압구정동,1168010700,신사동,1168010700106530020,1,대지,653,20,서울특별시 강남구 신사동 653-20,116804166279,서울특별시 강남구 도산대로49길,22,,1168010700106530020010369,,서울특별시 강남구 도산대로49길 22,135897,06019,,8,,127.037339378756,37.5243585234233
10,11802890,뽕사부압구정점,압구정점,Q,음식,Q02,중식,Q02A00,중국음식/중국집,I56112,중식 음식점업,11,서울특별시,11680,강남구,1168054500,압구정동,1168010700,신사동,1168010700106200001,1,대지,620,1,서울특별시 강남구 신사동 620-1,116804166520,서울특별시 강남구 압구정로36길,12,,1168010700106200001027298,메디컬뱅크,서울특별시 강남구 압구정로36길 12,135894,06023,,1,,127.031312193691,37.527643131377
11,11805560,복이오,압구정본점,Q,음식,Q03,일식/수산물,Q03A20,복전문,I56111,한식 음식점업,11,서울특별시,11680,강남구,1168054500,압구정동,1168010700,신사동,1168010700106270013,1,대지,627,13,서울특별시 강남구 신사동 627-13,116803005086,서울특별시 강남구 언주로,821,,1168010700106270013027798,금수빌딩,서울특별시 강남구 언주로 821,135895,06024,,5,,127.032779307751,37.5235463615505
12,11805808,오가노,압구정점,Q,음식,Q03,일식/수산물,Q03A02,음식점-일식,I56113,일식 음식점업,11,서울특별시,11680,강남구,1168054500,압구정동,1168010700,신사동,1168010700106450008,1,대지,645,8,서울특별시 강남구 신사동 645-8,116804166594,서울특별시 강남구 언주로164길,13,,1168010700106450008010162,,서울특별시 강남구 언주로164길 13,135896,06020,,,,127.034484722388,37.525524608625
13,11812674,에스테번,,Q,음식,Q06,양식,Q06A07,기타전문서양음식점,I56114,서양식 음식점업,11,서울특별시,11680,강남구,1168054500,압구정동,1168010700,신사동,1168010700106500008,1,대지,650,8,서울특별시 강남구 신사동 650-8,116804166277,서울특별시 강남구 도산대로45길,16,11,1168010700106500008010473,,서울특별시 강남구 도산대로45길 16-11,135896,06021,,1,,127.036157986223,37.5238533093839
14,11856190,씨엘쏭마이쏭,,Q,음식,Q06,양식,Q06A01,정통양식/경양식,I56114,서양식 음식점업,11,서울특별시,11680,강남구,1168054500,압구정동,1168010700,신사동,1168010700106500017,1,대지,650,17,서울특별시 강남구 신사동 650-17,116804166277,서울특별시 강남구 도산대로45길,16,4,1168010700106500017000001,,서울특별시 강남구 도산대로45길 16-4,135896,06021,,1,,127.035678180564,37.5233357931082
15,11871980,스시인,,Q,음식,Q03,일식/수산물,Q03A01,횟집,I56111,한식 음식점업,11,서울특별시,11680,강남구,1168054500,압구정동,1168010700,신사동,1168010700106450028,1,대지,645,28,서울특별시 강남구 신사동 645-28,116804166523,서울특별시 강남구 압구정로42길,49,,1168010700106450028010138,,서울특별시 강남구 압구정로42길 49,135896,06020,,1,,127.034517265748,37.5256330008584
16,11921701,시래밥상,,Q,음식,Q01,한식,Q01A01,한식/백반/한정식,I56111,한식 음식점업,11,서울특별시,11680,강남구,1168054500,압구정동,1168010700,신사동,1168010700106200000,1,대지,620,,서울특별시 강남구 신사동 620,116804166519,서울특별시 강남구 압구정로34길,11,,1168010700106200000009810,압구정스퀘어,서울특별시 강남구 압구정로34길 11,135894,06023,,1,,127.030953921703,37.5273518558381
17,11923827,가람푸드써비스청담고등구내식당학교지점,학교지점,Q,음식,Q14,기타음식업,Q14A01,구내식당/자급식음식점,I56120,기관구내식당업,11,서울특별시,11680,강남구,1168054500,압구정동,1168011000,압구정동,1168011000105260000,1,대지,526,,서울특별시 강남구 압구정동 526,116803122007,서울특별시 강남구 압구정로,419,,1168011000105260000004983,청담고등학교,서울특별시 강남구 압구정로 419,135906,06009,,1,,127.043877020029,37.5280158395092
18,11924428,더청춘,,Q,음식,Q01,한식,Q01A01,한식/백반/한정식,I56111,한식 음식점업,11,서울특별시,11680,강남구,1168054500,압구정동,1168010700,신사동,1168010700106440010,1,대지,644,10,서울특별시 강남구 신사동 644-10,116804166597,서울특별시 강남구 언주로168길,23,,1168010700106440010010003,,서울특별시 강남구 언주로168길 23,135896,06017,,1,,127.035493776585,37.5262356738766
19,11944977,까페바소,페바소,Q,음식,Q12,커피점/카페,Q12A01,커피전문점/카페/다방,I56220,비알콜 음료점업,11,서울특별시,11680,강남구,1168054500,압구정동,1168010700,신사동,1168010700106000013,1,대지,600,13,서울특별시 강남구 신사동 600-13,116804166155,서울특별시 강남구 논현로164길,11,,1168010700106000013010532,,서울특별시 강남구 논현로164길 11,135893,06025,,1,,127.029428992313,37.5236720549939
20,11950813,백곰막걸리와양조장,,Q,음식,Q09,유흥주점,Q09A01,호프/맥주,I56219,기타 주점업,11,서울특별시,11680,강남구,1168054500,압구정동,1168010700,신사동,1168010700106570007,1,대지,657,7,서울특별시 강남구 신사동 657-7,116804166525,서울특별시 강남구 압구정로48길,39,,1168010700106570007010074,,서울특별시 강남구 압구정로48길 39,135897,06018,,1,,127.037058935116,37.525933077806
21,11958577,아우어,,Q,음식,Q08,제과제빵떡케익,Q08A01,제과점,I56191,제과점업,11,서울특별시,11680,강남구,1168054500,압구정동,1168010700,신사동,1168010700106480014,1,대지,648,14,서울특별시 강남구 신사동 648-14,116804166277,서울특별시 강남구 도산대로45길,10,11,1168010700106480014000002,JYC2빌딩,서울특별시 강남구 도산대로45길 10-11,135896,06020,,1,,127.036863383869,37.5235436958466
22,11967817,아우어베이커리,도산본점,Q,음식,Q08,제과제빵떡케익,Q08A01,제과점,I56191,제과점업,11,서울특별시,11680,강남구,1168054500,압구정동,1168010700,신사동,1168010700106480014,1,대지,648,14,서울특별시 강남구 신사동 648-14,116804166277,서울특별시 강남구 도산대로45길,10,11,1168010700106480014000002,JYC2빌딩,서울특별시 강남구 도산대로45길 10-11,135896,06020,,1,,127.036863383869,37.5235436958466
23,11970460,스타벅스압구정점,압구정점,Q,음식,Q12,커피점/카페,Q12A01,커피전문점/카페/다방,I56220,비알콜 음료점업,11,서울특별시,11680,강남구,1168054500,압구정동,1168010700,신사동,1168010700106090000,1,대지,609,,서울특별시 강남구 신사동 609,116804166516,서울특별시 강남구 압구정로30길,17,,1168010700106090000009953,이소니프라자,서울특별시 강남구 압구정로30길 17,135894,06022,,1,,127.029541735527,37.5263220722528
24,11981761,루즈,,Q,음식,Q06,양식,Q06A01,정통양식/경양식,I56114,서양식 음식점업,11,서울특별시,11680,강남구,1168054500,압구정동,1168010700,신사동,1168010700106080012,1,대지,608,12,서울특별시 강남구 신사동 608-12,116804166519,서울특별시 강남구 압구정로34길,30,,1168010700106080012010013,,서울특별시 강남구 압구정로34길 30,135894,06022,,1,,127.030493838369,37.526185723886
25,11988248,자바카페,,Q,음식,Q12,커피점/카페,Q12A01,커피전문점/카페/다방,I56220,비알콜 음료점업,11,서울특별시,11680,강남구,1168054500,압구정동,1168010700,신사동,1168010700106350000,1,대지,635,,서울특별시 강남구 신사동 635,116803005086,서울특별시 강남구 언주로,858,,1168010700106350000009864,자생한방병원,서울특별시 강남구 언주로 858,135896,06017,,1,,127.033820867984,37.5269969038292
26,11989276,스시시오,,Q,음식,Q03,일식/수산물,Q03A03,음식점-초밥전문,I56113,일식 음식점업,11,서울특별시,11680,강남구,1168054500,압구정동,1168010700,신사동,1168010700106350007,1,대지,635,7,서울특별시 강남구 신사동 635-7,116804166598,서울특별시 강남구 언주로170길,8,,1168010700106350008000002,스페이스데코,서울특별시 강남구 언주로170길 8,135896,06017,,1,,127.034309510646,37.5268297006757
27,11992675,카페샤인,,Q,음식,Q12,커피점/카페,Q12A01,커피전문점/카페/다방,I56220,비알콜 음료점업,11,서울특별시,11680,강남구,1168054500,압구정동,1168010700,신사동,1168010700106340011,1,대지,634,11,서울특별시 강남구 신사동 634-11,116804166597,서울특별시 강남구 언주로168길,10,,1168010700106340011009982,,서울특별시 강남구 언주로168길 10,135895,06020,,1,,127.034373273256,37.5262715701763
28,12037415,스파크,,Q,음식,Q06,양식,Q06A01,정통양식/경양식,I56114,서양식 음식점업,11,서울특별시,11680,강남구,1168054500,압구정동,1168010700,신사동,1168010700106560007,1,대지,656,7,서울특별시 강남구 신사동 656-7,116804166473,서울특별시 강남구 선릉로155길,23,3,1168010700106560007027071,,서울특별시 강남구 선릉로155길 23-3,135897,06019,,,,127.037665779106,37.5253703615743
29,12037633,가드너아드리아,,Q,음식,Q06,양식,Q06A01,정통양식/경양식,I56114,서양식 음식점업,11,서울특별시,11680,강남구,1168054500,압구정동,1168010700,신사동,1168010700106480020,1,대지,648,20,서울특별시 강남구 신사동 648-20,116804166524,서울특별시 강남구 압구정로46길,73,,1168010700106480020010461,,서울특별시 강남구 압구정로46길 73,135896,06020,,1,,127.036643127699,37.5239563833514
30,12043282,잭슨피자,,Q,음식,Q07,패스트푸드,Q07A01,피자전문,I56192,"피자, 햄버거, 샌드위치 및 유사 음식점업",11,서울특별시,11680,강남구,1168054500,압구정동,1168011000,압구정동,1168011000104940000,1,대지,494,,서울특별시 강남구 압구정동 494,116803122007,서울특별시 강남구 압구정로,343,,1168011000104940000004966,갤러리아백화점,서울특별시 강남구 압구정로 343,135902,06008,,1,,127.04008070443,37.5284986430328
31,12047936,카페보니또압구정점,압구정점,Q,음식,Q12,커피점/카페,Q12A01,커피전문점/카페/다방,I56220,비알콜 음료점업,11,서울특별시,11680,강남구,1168054500,압구정동,1168010700,신사동,1168010700105980000,1,대지,598,,서울특별시 강남구 신사동 598,116803121022,서울특별시 강남구 논현로,840,,1168010700105980000010546,,서울특별시 강남구 논현로 840,135893,06025,,1,,127.028614999648,37.5236293207439
32,12047966,마크레인커피,,Q,음식,Q12,커피점/카페,Q12A01,커피전문점/카페/다방,I56220,비알콜 음료점업,11,서울특별시,11680,강남구,1168054500,압구정동,1168010700,신사동,1168010700106570024,1,대지,657,24,서울특별시 강남구 신사동 657-24,116804166474,서울특별시 강남구 선릉로157길,23,5,1168010700106570024010087,,서울특별시 강남구 선릉로157길 23-5,135897,06018,,1,,127.037851838523,37.5258584454646
33,12048808,아미띠에카페,,Q,음식,Q12,커피점/카페,Q12A01,커피전문점/카페/다방,I56220,비알콜 음료점업,11,서울특별시,11680,강남구,1168054500,압구정동,1168010700,신사동,1168010700106000015,1,대지,600,15,서울특별시 강남구 신사동 600-15,116804166516,서울특별시 강남구 압구정로30길,53,,1168010700106000015000001,성지빌딩,서울특별시 강남구 압구정로30길 53,135893,06025,,1,,127.029155754379,37.5238049669274
34,12052765,꿀잠,,Q,음식,Q12,커피점/카페,Q12A01,커피전문점/카페/다방,I56220,비알콜 음료점업,11,서울특별시,11680,강남구,1168054500,압구정동,1168010700,신사동,1168010700105920007,1,대지,592,7,서울특별시 강남구 신사동 592-7,116804166516,서울특별시 강남구 압구정로30길,78,,1168010700105920007010959,,서울특별시 강남구 압구정로30길 78,135893,06025,,,,127.028779223539,37.5223061255899
35,12055818,불꾼,,Q,음식,Q01,한식,Q01A01,한식/백반/한정식,I56111,한식 음식점업,11,서울특별시,11680,강남구,1168054500,압구정동,1168010700,신사동,1168010700106600013,1,대지,660,13,서울특별시 강남구 신사동 660-13,116804166524,서울특별시 강남구 압구정로46길,5,14,1168010700106600013009742,,서울특별시 강남구 압구정로46길 5-14,135897,06018,,,,127.037871167703,37.5278769584858
36,12065584,MANOFFIN,,Q,음식,Q12,커피점/카페,Q12A01,커피전문점/카페/다방,I56220,비알콜 음료점업,11,서울특별시,11680,강남구,1168054500,압구정동,1168010700,신사동,1168010700106680000,1,대지,668,,서울특별시 강남구 신사동 668,116803122007,서울특별시 강남구 압구정로,172,,1168011000104350000000001,압구정역,서울특별시 강남구 압구정로 172,135110,06022,,B1,,127.028465660772,37.5264213511059
37,12070299,다이아만티노,,Q,음식,Q01,한식,Q01A01,한식/백반/한정식,I56111,한식 음식점업,11,서울특별시,11680,강남구,1168054500,압구정동,1168010700,신사동,1168010700105980006,1,대지,598,6,서울특별시 강남구 신사동 598-6,116803121022,서울특별시 강남구 논현로,836,,1168010700105980006010715,삼신빌딩,서울특별시 강남구 논현로 836,135893,06025,,1,,127.02858842337,37.5230614397282
38,12074889,더그린테이블,,Q,음식,Q09,유흥주점,Q09A08,빠/카페/스탠드빠,I56211,일반유흥 주점업,11,서울특별시,11680,강남구,1168054500,압구정동,1168010700,신사동,1168010700106550004,1,대지,655,4,서울특별시 강남구 신사동 655-4,116804166473,서울특별시 강남구 선릉로155길,13,,1168010700106550004010201,,서울특별시 강남구 선릉로155길 13,135897,06019,,2,,127.038560139137,37.5253235826494
39,12077231,태백한우실비,,Q,음식,Q01,한식,Q01A01,한식/백반/한정식,I56111,한식 음식점업,11,서울특별시,11680,강남구,1168054500,압구정동,1168010700,신사동,1168010700105890010,1,대지,589,10,서울특별시 강남구 신사동 589-10,116804166145,서울특별시 강남구 논현로152길,27,,1168010700105890010011215,SAMO,서울특별시 강남구 논현로152길 27,135893,06025,,1,,127.030327298296,37.5215709728782
40,12080882,만,,Q,음식,Q01,한식,Q01A01,한식/백반/한정식,I56111,한식 음식점업,11,서울특별시,11680,강남구,1168054500,압구정동,1168010700,신사동,1168010700106360023,1,대지,636,23,서울특별시 강남구 신사동 636-23,116804166523,서울특별시 강남구 압구정로42길,24,,1168010700106360023009817,,서울특별시 강남구 압구정로42길 24,135896,06017,,1,,127.034925194871,37.5273393222151
41,12094110,요요도산대로점,도산대로점,Q,음식,Q12,커피점/카페,Q12A01,커피전문점/카페/다방,I56220,비알콜 음료점업,11,서울특별시,11680,강남구,1168054500,압구정동,1168010700,신사동,1168010700106290015,1,대지,629,15,서울특별시 강남구 신사동 629-15,116802122001,서울특별시 강남구 도산대로,235,,1168010700106290015000001,(주)평화자동차강남사옥,서울특별시 강남구 도산대로 235,135895,06026,,1,,127.032623793134,37.521571784255
42,12100015,에너지키친,,Q,음식,Q01,한식,Q01A01,한식/백반/한정식,I56111,한식 음식점업,11,서울특별시,11680,강남구,1168054500,압구정동,1168010700,신사동,1168010700106260030,1,대지,626,30,서울특별시 강남구 신사동 626-30,116804166275,서울특별시 강남구 도산대로37길,40,,1168010700106260030010582,,서울특별시 강남구 도산대로37길 40,135895,06024,,,,127.031477969392,37.5235717389893
43,12104142,도니죠화로구이,,Q,음식,Q01,한식,Q01A02,갈비/삼겹살,I56111,한식 음식점업,11,서울특별시,11680,강남구,1168054500,압구정동,1168010700,신사동,1168010700106610016,1,대지,661,16,서울특별시 강남구 신사동 661-16,116804166477,서울특별시 강남구 선릉로161길,24,,1168010700106610016009771,Y&B찬화빌딩,서울특별시 강남구 선릉로161길 24,135897,06018,,,,127.038474321088,37.5276025447609
44,12108269,더블핸드스테이크압구정점,압구정점,Q,음식,Q06,양식,Q06A08,스테이크전문점,I56114,서양식 음식점업,11,서울특별시,11680,강남구,1168054500,압구정동,1168010700,신사동,1168010700106640024,1,대지,664,24,서울특별시 강남구 신사동 664-24,116804166477,서울특별시 강남구 선릉로161길,7,,1168010700106640024009870,,서울특별시 강남구 선릉로161길 7,135897,06018,,1,,127.039602582389,37.5269629681387
45,12109366,포라이브,,Q,음식,Q01,한식,Q01A01,한식/백반/한정식,I56111,한식 음식점업,11,서울특별시,11680,강남구,1168054500,압구정동,1168010700,신사동,1168010700106600012,1,대지,660,12,서울특별시 강남구 신사동 660-12,116804166477,서울특별시 강남구 선릉로161길,32,,1168010700106600012009755,,서울특별시 강남구 선릉로161길 32,135897,06018,,,,127.037816456288,37.5277323445187
46,12114853,커피니,압구정점,Q,음식,Q01,한식,Q01A01,한식/백반/한정식,I56111,한식 음식점업,11,서울특별시,11680,강남구,1168054500,압구정동,1168010700,신사동,1168010700106360002,1,대지,636,2,서울특별시 강남구 신사동 636-2,116803005086,서울특별시 강남구 언주로,866,,1168010700106360002009773,방우빌딩,서울특별시 강남구 언주로 866,135896,06017,,,,127.033903466455,37.5276102943903
47,12118626,미식바,,Q,음식,Q06,양식,Q06A01,정통양식/경양식,I56114,서양식 음식점업,11,서울특별시,11680,강남구,1168054500,압구정동,1168010700,신사동,1168010700106460008,1,대지,646,8,서울특별시 강남구 신사동 646-8,116804166594,서울특별시 강남구 언주로164길,35,3,1168010700106460008010152,,서울특별시 강남구 언주로164길 35-3,135896,06020,,,,127.0364184212,37.5255944644969
48,12119374,스시우찌,,Q,음식,Q03,일식/수산물,Q03A03,음식점-초밥전문,I56113,일식 음식점업,11,서울특별시,11680,강남구,1168054500,압구정동,1168010700,신사동,1168010700106600017,1,대지,660,17,서울특별시 강남구 신사동 660-17,116804166524,서울특별시 강남구 압구정로46길,5,6,1168010700106600017009725,압구정로데오스타,서울특별시 강남구 압구정로46길 5-6,135897,06018,,1,,127.037191137469,37.5279705320989
49,12129481,우텐더,,Q,음식,Q01,한식,Q01A01,한식/백반/한정식,I56111,한식 음식점업,11,서울특별시,11680,강남구,1168054500,압구정동,1168010700,신사동,1168010700106430020,1,대지,643,20,서울특별시 강남구 신사동 643-20,116804166523,서울특별시 강남구 압구정로42길,25,10,1168010700106430020012010,,서울특별시 강남구 압구정로42길 25-10,135896,06017,,1,,127.03577827259,37.5269858696913
50,12228400,쉐이크쉑,청담점,Q,음식,Q06,양식,Q06A01,정통양식/경양식,I56114,서양식 음식점업,11,서울특별시,11680,강남구,1168054500,압구정동,1168010700,신사동,1168010700106520016,1,대지,652,16,서울특별시 강남구 신사동 652-16,116802122001,서울특별시 강남구 도산대로,327,,1168010700106520016010687,,서울특별시 강남구 도산대로 327,135897,06019,,,,127.037581707952,37.5231080360865
51,12257729,현대족발,,Q,음식,Q01,한식,Q01A08,족발/보쌈전문,I56111,한식 음식점업,11,서울특별시,11680,강남구,1168054500,압구정동,1168011000,압구정동,1168011000104540000,1,대지,454,,서울특별시 강남구 압구정동 454,116804166514,서울특별시 강남구 압구정로29길,72,1,1168011000104540000004794,신사상가,서울특별시 강남구 압구정로29길 72-1,135903,06004,,4,,127.028389700389,37.532277554838
52,12259107,BMC,,Q,음식,Q01,한식,Q01A01,한식/백반/한정식,I56111,한식 음식점업,11,서울특별시,11680,강남구,1168054500,압구정동,1168011000,압구정동,1168011000104540000,1,대지,454,,서울특별시 강남구 압구정동 454,116804166514,서울특별시 강남구 압구정로29길,72,1,1168011000104540000004794,신사상가,서울특별시 강남구 압구정로29길 72-1,135903,06004,,2,,127.028389700389,37.532277554838
53,12262424,현대떡집,,Q,음식,Q08,제과제빵떡케익,Q08A03,떡전문,I56191,제과점업,11,서울특별시,11680,강남구,1168054500,압구정동,1168011000,압구정동,1168011000104540000,1,대지,454,,서울특별시 강남구 압구정동 454,116804166514,서울특별시 강남구 압구정로29길,72,1,1168011000104540000004794,신사상가,서울특별시 강남구 압구정로29길 72-1,135903,06004,,1,,127.028389700389,37.532277554838
54,12262462,낙원떡집,,Q,음식,Q08,제과제빵떡케익,Q08A03,떡전문,I56191,제과점업,11,서울특별시,11680,강남구,1168054500,압구정동,1168011000,압구정동,1168011000104540000,1,대지,454,,서울특별시 강남구 압구정동 454,116804166514,서울특별시 강남구 압구정로29길,72,1,1168011000104540000004794,신사상가,서울특별시 강남구 압구정로29길 72-1,135903,06004,,1,,127.028389700389,37.532277554838
55,12263810,미도김밥,,Q,음식,Q04,분식,Q04A01,라면김밥분식,I56194,분식 및 김밥 전문점,11,서울특별시,11680,강남구,1168054500,압구정동,1168011000,압구정동,1168011000104540000,1,대지,454,,서울특별시 강남구 압구정동 454,116804166514,서울특별시 강남구 압구정로29길,72,1,1168011000104540000004794,신사상가,서울특별시 강남구 압구정로29길 72-1,135903,06004,,1,,127.028389700389,37.532277554838
56,12271797,궁중스넥,,Q,음식,Q04,분식,Q04A01,라면김밥분식,I56194,분식 및 김밥 전문점,11,서울특별시,11680,강남구,1168054500,압구정동,1168011000,압구정동,1168011000104540000,1,대지,454,,서울특별시 강남구 압구정동 454,116804166514,서울특별시 강남구 압구정로29길,72,1,1168011000104540000004794,신사상가,서울특별시 강남구 압구정로29길 72-1,135903,06004,,1,,127.028389700389,37.532277554838
57,12293422,향토면옥,,Q,음식,Q01,한식,Q01A19,냉면집,I56111,한식 음식점업,11,서울특별시,11680,강남구,1168054500,압구정동,1168011000,압구정동,1168011000104540000,1,대지,454,,서울특별시 강남구 압구정동 454,116804166514,서울특별시 강남구 압구정로29길,72,1,1168011000104540000004794,신사상가,서울특별시 강남구 압구정로29길 72-1,135903,06004,,2,,127.028389700389,37.532277554838
58,12327415,신전떡볶이,신사점,Q,음식,Q08,제과제빵떡케익,Q08A04,떡/한과집,I56191,제과점업,11,서울특별시,11680,강남구,1168054500,압구정동,1168010700,신사동,1168010700106130001,1,대지,613,1,서울특별시 강남구 신사동 613-1,116804166519,서울특별시 강남구 압구정로34길,14,,1168010700106130001009834,,서울특별시 강남구 압구정로34길 14,135894,06022,,,,127.030559849577,37.5272044535144
59,12328330,에스프레소로이,,Q,음식,Q12,커피점/카페,Q12A01,커피전문점/카페/다방,I56220,비알콜 음료점업,11,서울특별시,11680,강남구,1168054500,압구정동,1168011000,압구정동,1168011000103690001,1,대지,369,1,서울특별시 강남구 압구정동 369-1,116804166514,서울특별시 강남구 압구정로29길,71,,1168011000103690001004767,현대아파트,서울특별시 강남구 압구정로29길 71,135787,06002,,1,,127.028304754856,37.5335923889483
60,12329536,계식당,,Q,음식,Q01,한식,Q01A01,한식/백반/한정식,I56111,한식 음식점업,11,서울특별시,11680,강남구,1168054500,압구정동,1168010700,신사동,1168010700106420008,1,대지,642,8,서울특별시 강남구 신사동 642-8,116804166598,서울특별시 강남구 언주로170길,37,,1168010700106420008009916,,서울특별시 강남구 언주로170길 37,135896,06017,,1,,127.036722189249,37.526606120349
61,12331230,쿠킹라이브러리,,Q,음식,Q06,양식,Q06A01,정통양식/경양식,I56114,서양식 음식점업,11,서울특별시,11680,강남구,1168054500,압구정동,1168010700,신사동,1168010700106450022,1,대지,645,22,서울특별시 강남구 신사동 645-22,116804166524,서울특별시 강남구 압구정로46길,46,,1168010700106450022010133,,서울특별시 강남구 압구정로46길 46,135896,06020,,,,127.035637063603,37.5256511604697
62,12331764,커피하우스페이지원,페이지원,Q,음식,Q12,커피점/카페,Q12A01,커피전문점/카페/다방,I56220,비알콜 음료점업,11,서울특별시,11680,강남구,1168054500,압구정동,1168010700,신사동,1168010700106400011,1,대지,640,11,서울특별시 강남구 신사동 640-11,116804166600,서울특별시 강남구 언주로172길,25,,1168010700106400011009776,,서울특별시 강남구 언주로172길 25,135896,06017,,,,127.036020190485,37.5275284754155
63,12436730,류케이웨이브커피,,Q,음식,Q12,커피점/카페,Q12A01,커피전문점/카페/다방,I56220,비알콜 음료점업,11,서울특별시,11680,강남구,1168054500,압구정동,1168010700,신사동,1168010700106520014,1,대지,652,14,서울특별시 강남구 신사동 652-14,116802122001,서울특별시 강남구 도산대로,331,,1168010700106520014010639,,서울특별시 강남구 도산대로 331,135897,06019,,1,,127.038099857038,37.5232834572078
64,12444527,브릿지앤드,,Q,음식,Q12,커피점/카페,Q12A01,커피전문점/카페/다방,I56220,비알콜 음료점업,11,서울특별시,11680,강남구,1168054500,압구정동,1168010700,신사동,1168010700106170003,1,대지,617,3,서울특별시 강남구 신사동 617-3,116803122007,서울특별시 강남구 압구정로,230,,1168010700106170003000001,LF서관,서울특별시 강남구 압구정로 230,135894,06023,,1,,127.033164694649,37.5287485834847
65,12447174,룽청,신사점,Q,음식,Q02,중식,Q02A00,중국음식/중국집,I56112,중식 음식점업,11,서울특별시,11680,강남구,1168054500,압구정동,1168010700,신사동,1168010700105890009,1,대지,589,9,서울특별시 강남구 신사동 589-9,116804166145,서울특별시 강남구 논현로152길,23,,1168010700105890009011229,알파빌딩,서울특별시 강남구 논현로152길 23,135893,06025,,1,,127.030124505321,37.5215062340982
66,12450765,메이플,,Q,음식,Q01,한식,Q01A01,한식/백반/한정식,I56111,한식 음식점업,11,서울특별시,11680,강남구,1168054500,압구정동,1168010700,신사동,1168010700105870012,1,대지,587,12,서울특별시 강남구 신사동 587-12,116802122001,서울특별시 강남구 도산대로,215,,1168010700105870012011466,나현빌딩,서울특별시 강남구 도산대로 215,135892,06026,,-1,,127.030168119545,37.5207587191625
67,12451512,하남돼지집압구정로데오점,압구정로데오점,Q,음식,Q01,한식,Q01A02,갈비/삼겹살,I56111,한식 음식점업,11,서울특별시,11680,강남구,1168054500,압구정동,1168010700,신사동,1168010700106420004,1,대지,642,4,서울특별시 강남구 신사동 642-4,116804166524,서울특별시 강남구 압구정로46길,27,,1168010700106420004009880,명원빌딩,서울특별시 강남구 압구정로46길 27,135896,06017,,1,,127.036402544419,37.5268287756258
68,12462914,반스,,Q,음식,Q03,일식/수산물,Q03A02,음식점-일식,I56113,일식 음식점업,11,서울특별시,11680,강남구,1168054500,압구정동,1168011000,압구정동,1168011000103690001,1,대지,369,1,서울특별시 강남구 압구정동 369-1,116804166514,서울특별시 강남구 압구정로29길,71,,1168011000103690001004767,현대아파트,서울특별시 강남구 압구정로29길 71,135787,06002,,1,,127.028304754856,37.5335923889483
69,12463563,타카라,,Q,음식,Q03,일식/수산물,Q03A02,음식점-일식,I56113,일식 음식점업,11,서울특별시,11680,강남구,1168054500,압구정동,1168010700,신사동,1168010700106590000,1,대지,659,,서울특별시 강남구 신사동 659,116804166525,서울특별시 강남구 압구정로48길,15,,1168010700106590000009760,대원칸타빌아파트,서울특별시 강남구 압구정로48길 15,135897,06018,,2,,127.037253721872,37.527502495572
70,12464314,파블로코리아,,Q,음식,Q08,제과제빵떡케익,Q08A01,제과점,I56191,제과점업,11,서울특별시,11680,강남구,1168054500,압구정동,1168011000,압구정동,1168011000104940000,1,대지,494,,서울특별시 강남구 압구정동 494,116803122007,서울특별시 강남구 압구정로,343,,1168011000104940000004966,갤러리아백화점,서울특별시 강남구 압구정로 343,135902,06008,,-1,,127.040035799979,37.5284712464894
71,12467668,라메종뒤쇼콜라,,Q,음식,Q08,제과제빵떡케익,Q08A01,제과점,I56191,제과점업,11,서울특별시,11680,강남구,1168054500,압구정동,1168011000,압구정동,1168011000104940000,1,대지,494,,서울특별시 강남구 압구정동 494,116803122007,서울특별시 강남구 압구정로,343,,1168011000104940000004966,갤러리아백화점,서울특별시 강남구 압구정로 343,135902,06008,,,,127.040035799979,37.5284712464894
72,12486298,마제스티,,Q,음식,Q06,양식,Q06A01,정통양식/경양식,I56114,서양식 음식점업,11,서울특별시,11680,강남구,1168054500,압구정동,1168010700,신사동,1168010700106520016,1,대지,652,16,서울특별시 강남구 신사동 652-16,116802122001,서울특별시 강남구 도산대로,327,,1168010700106520016010687,,서울특별시 강남구 도산대로 327,135897,06019,,16,,127.037581707952,37.5231080360865
73,12486722,킨조미야비,,Q,음식,Q03,일식/수산물,Q03A02,음식점-일식,I56113,일식 음식점업,11,서울특별시,11680,강남구,1168054500,압구정동,1168010700,신사동,1168010700106170009,1,대지,617,9,서울특별시 강남구 신사동 617-9,116804166601,서울특별시 강남구 언주로173길,8,,1168010700106170009009683,강산빌딩,서울특별시 강남구 언주로173길 8,135894,06023,,2,,127.032784715455,37.5283850516898
74,12491179,소울,,Q,음식,Q06,양식,Q06A01,정통양식/경양식,I56114,서양식 음식점업,11,서울특별시,11680,강남구,1168054500,압구정동,1168010700,신사동,1168010700106540007,1,대지,654,7,서울특별시 강남구 신사동 654-7,116804166283,서울특별시 강남구 도산대로53길,19,,1168010700106540007027114,,서울특별시 강남구 도산대로53길 19,135897,06019,,1,,127.038356887512,37.524411865409
75,12508155,스피카,,Q,음식,Q06,양식,Q06A01,정통양식/경양식,I56114,서양식 음식점업,11,서울특별시,11680,강남구,1168054500,압구정동,1168010700,신사동,1168010700106280000,1,대지,628,,서울특별시 강남구 신사동 628,116804166275,서울특별시 강남구 도산대로37길,20,,1168010700106280000010965,,서울특별시 강남구 도산대로37길 20,135895,06026,,1,,127.031472117194,37.5222741765022
76,12509755,Z롤앤오니기리,,Q,음식,Q03,일식/수산물,Q03A02,음식점-일식,I56113,일식 음식점업,11,서울특별시,11680,강남구,1168054500,압구정동,1168011000,압구정동,1168011000104940000,1,대지,494,,서울특별시 강남구 압구정동 494,116803122007,서울특별시 강남구 압구정로,343,,1168011000104940000004966,갤러리아백화점,서울특별시 강남구 압구정로 343,135902,06008,,,,127.040035799979,37.5284712464894
77,12510591,리퍼블릭,,Q,음식,Q12,커피점/카페,Q12A01,커피전문점/카페/다방,I56220,비알콜 음료점업,11,서울특별시,11680,강남구,1168054500,압구정동,1168010700,신사동,1168010700105880000,1,대지,588,,서울특별시 강남구 신사동 588,116804166272,서울특별시 강남구 도산대로33길,8,,1168010700105880000012034,산도빌딩,서울특별시 강남구 도산대로33길 8,135893,06026,,1,,127.030196689835,37.5211734376552
78,12518415,카시나,,Q,음식,Q01,한식,Q01A01,한식/백반/한정식,I56111,한식 음식점업,11,서울특별시,11680,강남구,1168054500,압구정동,1168010700,신사동,1168010700106450008,1,대지,645,8,서울특별시 강남구 신사동 645-8,116804166594,서울특별시 강남구 언주로164길,13,,1168010700106450008010162,,서울특별시 강남구 언주로164길 13,135896,06020,,1,,127.034484722388,37.525524608625
79,12519928,트라이비푸드바로크,,Q,음식,Q08,제과제빵떡케익,Q08A01,제과점,I56191,제과점업,11,서울특별시,11680,강남구,1168054500,압구정동,1168010700,신사동,1168010700106450022,1,대지,645,22,서울특별시 강남구 신사동 645-22,116804166524,서울특별시 강남구 압구정로46길,46,,1168010700106450022010133,,서울특별시 강남구 압구정로46길 46,135896,06020,,1,,127.035637063603,37.5256511604697
80,12520821,키쏘커피,도산점,Q,음식,Q01,한식,Q01A01,한식/백반/한정식,I56111,한식 음식점업,11,서울특별시,11680,강남구,1168054500,압구정동,1168010700,신사동,1168010700106460015,1,대지,646,15,서울특별시 강남구 신사동 646-15,116804166594,서울특별시 강남구 언주로164길,35,6,1168010700106460015010142,,서울특별시 강남구 언주로164길 35-6,135896,06020,,,,127.036598722167,37.5256499985264
81,12524266,올진,,Q,음식,Q01,한식,Q01A01,한식/백반/한정식,I56111,한식 음식점업,11,서울특별시,11680,강남구,1168054500,압구정동,1168010700,신사동,1168010700106630018,1,대지,663,18,서울특별시 강남구 신사동 663-18,116804166600,서울특별시 강남구 언주로172길,62,,1168010700106630018009901,,서울특별시 강남구 언주로172길 62,135897,06018,,,,127.038734527798,37.526721632427
82,12524956,다운타우너,청담점,Q,음식,Q06,양식,Q06A01,정통양식/경양식,I56114,서양식 음식점업,11,서울특별시,11680,강남구,1168054500,압구정동,1168010700,신사동,1168010700106660025,1,대지,666,25,서울특별시 강남구 신사동 666-25,116804166283,서울특별시 강남구 도산대로53길,14,,1168010700106660025010430,,서울특별시 강남구 도산대로53길 14,135897,06019,,1,,127.038553817923,37.5240530479288
83,12526579,아우라,,Q,음식,Q06,양식,Q06A01,정통양식/경양식,I56114,서양식 음식점업,11,서울특별시,11680,강남구,1168054500,압구정동,1168010700,신사동,1168010700106510008,1,대지,651,8,서울특별시 강남구 신사동 651-8,116804166277,서울특별시 강남구 도산대로45길,10,8,1168010700106510008010665,하늬솔빌딩,서울특별시 강남구 도산대로45길 10-8,135897,06021,,1,,127.03651676868,37.523225500478
84,12535810,고메이494,4점,Q,음식,Q06,양식,Q06A07,기타전문서양음식점,I56114,서양식 음식점업,11,서울특별시,11680,강남구,1168054500,압구정동,1168011000,압구정동,1168011000104940000,1,대지,494,,서울특별시 강남구 압구정동 494,116803122007,서울특별시 강남구 압구정로,343,,1168011000104940000004966,갤러리아백화점,서울특별시 강남구 압구정로 343,135902,06008,,-1,,127.040035799979,37.5284712464894
85,12539867,평양만두,,Q,음식,Q01,한식,Q01A01,한식/백반/한정식,I56111,한식 음식점업,11,서울특별시,11680,강남구,1168054500,압구정동,1168010700,신사동,1168010700106600002,1,대지,660,2,서울특별시 강남구 신사동 660-2,116803122007,서울특별시 강남구 압구정로,326,,1168010700106600004009682,,서울특별시 강남구 압구정로 326,135897,06018,,,,127.037219748554,37.5283852489682
86,12543378,고료리켄,,Q,음식,Q03,일식/수산물,Q03A02,음식점-일식,I56113,일식 음식점업,11,서울특별시,11680,강남구,1168054500,압구정동,1168010700,신사동,1168010700106400002,1,대지,640,2,서울특별시 강남구 신사동 640-2,116804166602,서울특별시 강남구 언주로174길,30,,1168010700106400002009731,로빈명품관,서울특별시 강남구 언주로174길 30,135896,06017,,1,,127.036390027733,37.5278018090292
87,12549139,소망풍경,,Q,음식,Q12,커피점/카페,Q12A01,커피전문점/카페/다방,I56220,비알콜 음료점업,11,서울특별시,11680,강남구,1168054500,압구정동,1168010700,신사동,1168010700106250002,1,대지,625,2,서울특별시 강남구 신사동 625-2,116804166592,서울특별시 강남구 언주로159길,15,,1168010700106250002000001,소망교회제3교육관,서울특별시 강남구 언주로159길 15,135895,06024,,1,,127.03144765814,37.5241661844631
88,12550518,메이비,,Q,음식,Q01,한식,Q01A01,한식/백반/한정식,I56111,한식 음식점업,11,서울특별시,11680,강남구,1168054500,압구정동,1168010700,신사동,1168010700105900022,1,대지,590,22,서울특별시 강남구 신사동 590-22,116803121022,서울특별시 강남구 논현로,808,,1168010700105900022011424,선호빌딩,서울특별시 강남구 논현로 808,135893,06025,,1,,127.028401538836,37.5208973784571
89,12567472,서랍,,Q,음식,Q06,양식,Q06A01,정통양식/경양식,I56114,서양식 음식점업,11,서울특별시,11680,강남구,1168054500,압구정동,1168010700,신사동,1168010700106130009,1,대지,613,9,서울특별시 강남구 신사동 613-9,116804166519,서울특별시 강남구 압구정로34길,24,,1168010700106130009009933,,서울특별시 강남구 압구정로34길 24,135894,06022,,1,,127.030579440196,37.5265648680598
90,12572318,파리바게뜨압구정현대점,압구정현대점,Q,음식,Q08,제과제빵떡케익,Q08A01,제과점,I56191,제과점업,11,서울특별시,11680,강남구,1168054500,압구정동,1168011000,압구정동,1168011000103690001,1,대지,369,1,서울특별시 강남구 압구정동 369-1,116804166514,서울특별시 강남구 압구정로29길,71,,1168011000103690001004767,현대아파트,서울특별시 강남구 압구정로29길 71,135787,06002,,1,,127.028304754856,37.5335923889483
91,12573205,수분,,Q,음식,Q12,커피점/카페,Q12A01,커피전문점/카페/다방,I56220,비알콜 음료점업,11,서울특별시,11680,강남구,1168054500,압구정동,1168010700,신사동,1168010700106540010,1,대지,654,10,서울특별시 강남구 신사동 654-10,116804166283,서울특별시 강남구 도산대로53길,13,,1168010700106540010010434,,서울특별시 강남구 도산대로53길 13,135897,06019,,1,,127.038248508702,37.5240415515686
92,12583507,양키스버거,,Q,음식,Q07,패스트푸드,Q07A04,패스트푸드,I56199,그외 기타 음식점업,11,서울특별시,11680,강남구,1168054500,압구정동,1168010700,신사동,1168010700106620014,1,대지,662,14,서울특별시 강남구 신사동 662-14,116804166477,서울특별시 강남구 선릉로161길,17,,1168010700106620014009824,,서울특별시 강남구 선릉로161길 17,135897,06018,,1,,127.03894252887,37.5272639562355
93,12586206,씨엘키친,,Q,음식,Q06,양식,Q06A01,정통양식/경양식,I56114,서양식 음식점업,11,서울특별시,11680,강남구,1168054500,압구정동,1168010700,신사동,1168010700106620007,1,대지,662,7,서울특별시 강남구 신사동 662-7,116804166477,서울특별시 강남구 선릉로161길,21,4,1168010700106620007009837,,서울특별시 강남구 선릉로161길 21-4,135897,06018,,1,,127.038456900114,37.5271969297277
94,12586404,전주웰미가,,Q,음식,Q01,한식,Q01A05,해장국/감자탕,I56111,한식 음식점업,11,서울특별시,11680,강남구,1168054500,압구정동,1168010700,신사동,1168010700106100002,1,대지,610,2,서울특별시 강남구 신사동 610-2,116803121022,서울특별시 강남구 논현로,872,,1168010700106100002009962,영빌딩,서울특별시 강남구 논현로 872,135894,06022,,,,127.028817044687,37.5263701781324
95,12594294,오프너,,Q,음식,Q01,한식,Q01A01,한식/백반/한정식,I56111,한식 음식점업,11,서울특별시,11680,강남구,1168054500,압구정동,1168010700,신사동,1168010700106630012,1,대지,663,12,서울특별시 강남구 신사동 663-12,116804166474,서울특별시 강남구 선릉로157길,20,8,1168010700106630012009918,,서울특별시 강남구 선릉로157길 20-8,135897,06018,,1,,127.038520979153,37.5266117678732
96,12594891,투썸플레이스압구정로데오역점,압구정로데오역점,Q,음식,Q12,커피점/카페,Q12A01,커피전문점/카페/다방,I56220,비알콜 음료점업,11,서울특별시,11680,강남구,1168054500,압구정동,1168010700,신사동,1168010700106640006,1,대지,664,6,서울특별시 강남구 신사동 664-6,116803122006,서울특별시 강남구 선릉로,845,,1168010700106640006009771,,서울특별시 강남구 선릉로 845,135897,06018,,2,,127.040364444176,37.5275458342917
97,12596457,더케이레스토랑,,Q,음식,Q06,양식,Q06A01,정통양식/경양식,I56114,서양식 음식점업,11,서울특별시,11680,강남구,1168054500,압구정동,1168010700,신사동,1168010700106660003,1,대지,666,3,서울특별시 강남구 신사동 666-3,116803122006,서울특별시 강남구 선릉로,807,,1168010700106660007010381,,서울특별시 강남구 선릉로 807,135897,06019,,1,,127.039160623558,37.5243733544456
98,12601065,카페노티드,,Q,음식,Q01,한식,Q01A01,한식/백반/한정식,I56111,한식 음식점업,11,서울특별시,11680,강남구,1168054500,압구정동,1168010700,신사동,1168010700106470004,1,대지,647,4,서울특별시 강남구 신사동 647-4,116804166524,서울특별시 강남구 압구정로46길,53,,1168010700106470004010255,,서울특별시 강남구 압구정로46길 53,135896,06020,,1,,127.03617592678,37.5250969073159
99,12601839,스티븐스미스티메이커,,Q,음식,Q01,한식,Q01A01,한식/백반/한정식,I56111,한식 음식점업,11,서울특별시,11680,강남구,1168054500,압구정동,1168011000,압구정동,1168011000105180000,1,대지,518,,서울특별시 강남구 압구정동 518,116803122007,서울특별시 강남구 압구정로,417,,1168011000105180000005001,,서울특별시 강남구 압구정로 417,135906,06009,,1,,127.042864752901,37.5275481034805
